[
    {
        "question": "ใครเป็นผู้ก่อตั้งกรุงศรีอยุธยา?",
        "options": [
            "พระเจ้าอู่ทอง",
            "สมเด็จพระนเรศวรมหาราช",
            "พระเจ้าตากสิน",
            "สมเด็จพระจอมเกล้า"
        ],
        "answer": 0
    },
    {
        "question": "ธงชาติไทยมีสีอะไรบ้าง?",
        "options": [
            "แดง ขาว น้ำเงิน",
            "แดง เขียว น้ำเงิน",
            "แดง ขาว เหลือง",
            "ขาว ดำ น้ำเงิน"
        ],
        "answer": 0
    },
    {
        "question": "ข้อใดคือภูเขาที่สูงที่สุดในประเทศไทย?",
        "options": [
            "ดอยอินทนนท์",
            "ดอยสุเทพ",
            "ดอยหลวงเชียงดาว",
            "ดอยผ้าห่มปก"
        ],
        "answer": 0
    },
    {
        "question": "วันภาษาไทยแห่งชาติตรงกับวันที่เท่าไร?",
        "options": [
            "29 กรกฎาคม",
            "26 มิถุนายน",
            "12 สิงหาคม",
            "10 ธันวาคม"
        ],
        "answer": 0
    },
    {
        "question": "ข้อใดคือแหล่งน้ำธรรมชาติที่ใหญ่ที่สุดในประเทศไทย?",
        "options": [
            "บึงบอระเพ็ด",
            "ทะเลสาบสงขลา",
            "เขื่อนภูมิพล",
            "แม่น้ำเจ้าพระยา"
        ],
        "answer": 1
    },
    {
        "question": "ใครคือพระมหากษัตริย์องค์แรกของราชวงศ์จักรี?",
        "options": [
            "รัชกาลที่ 1",
            "รัชกาลที่ 4",
            "รัชกาลที่ 5",
            "รัชกาลที่ 9"
        ],
        "answer": 0
    },
    {
        "question": "ข้อใดคือวันสำคัญทางพุทธศาสนา?",
        "options": [
            "วันมาฆบูชา",
            "วันปีใหม่",
            "วันตรุษจีน",
            "วันคริสต์มาส"
        ],
        "answer": 0
    },
    {
        "question": "ข้อใดคือเทศกาลสำคัญในเดือนเมษายน?",
        "options": [
            "สงกรานต์",
            "ลอยกระทง",
            "คริสต์มาส",
            "ตรุษจีน"
        ],
        "answer": 0
    },
    {
        "question": "ข้อใดคือแหล่งท่องเที่ยวธรรมชาติในภาคใต้?",
        "options": [
            "ทะเลอันดามัน",
            "ภูชี้ฟ้า",
            "ดอยแม่สลอง",
            "อุทยานแห่งชาติเขาใหญ่"
        ],
        "answer": 0
    },
    {
        "question": "ข้อใดคือสัญลักษณ์ของวันแม่แห่งชาติ?",
        "options": [
            "ดอกมะลิ",
            "ดอกกุหลาบ",
            "ดอกดาวเรือง",
            "ดอกลิลลี่"
        ],
        "answer": 0
    },
    {
        "question": "พระมหากษัตริย์องค์ใดทรงมีส่วนเกี่ยวข้องกับการเลิกทาส?",
        "options": [
            "รัชกาลที่ 1",
            "รัชกาลที่ 2",
            "รัชกาลที่ 5",
            "รัชกาลที่ 9"
        ],
        "answer": 2
    },
    {
        "question": "ข้อใดคือแม่น้ำสายสำคัญในภาคตะวันออกเฉียงเหนือ?",
        "options": [
            "แม่น้ำโขง",
            "แม่น้ำเจ้าพระยา",
            "แม่น้ำวัง",
            "แม่น้ำยม"
        ],
        "answer": 0
    },
    {
        "question": "พระพุทธเจ้าประสูติที่ใด?",
        "options": [
            "สวนลุมพินี",
            "สารนาถ",
            "กุสินารา",
            "พุทธคยา"
        ],
        "answer": 0
    },
    {
        "question": "ข้อใดคือแหล่งท่องเที่ยวในกรุงเทพฯ?",
        "options": [
            "วัดพระแก้ว",
            "ภูชี้ฟ้า",
            "ดอยสุเทพ",
            "ทะเลบัวแดง"
        ],
        "answer": 0
    },
    {
        "question": "ข้อใดคือพระมหากษัตริย์ที่ทรงนำระบบการศึกษาสมัยใหม่เข้าสู่ประเทศไทย?",
        "options": [
            "รัชกาลที่ 1",
            "รัชกาลที่ 4",
            "รัชกาลที่ 5",
            "รัชกาลที่ 6"
        ],
        "answer": 2
    },
    {
        "question": "ข้อใดคือการปฏิบัติในวันเข้าพรรษา?",
        "options": [
            "ถวายเทียนพรรษา",
            "ลอยกระทง",
            "จุดพลุ",
            "เล่นน้ำ"
        ],
        "answer": 0
    },
    {
        "question": "ข้อใดคือแหล่งท่องเที่ยวธรรมชาติในภาคเหนือ?",
        "options": [
            "ดอยอินทนนท์",
            "อ่าวมาหยา",
            "ทะเลสาบสงขลา",
            "ปราสาทหินพิมาย"
        ],
        "answer": 0
    },
    {
        "question": "สัญลักษณ์ใดที่ใช้ในวันวิสาขบูชา?",
        "options": [
            "ดอกบัว",
            "ดอกกุหลาบ",
            "ดอกดาวเรือง",
            "ดอกมะลิ"
        ],
        "answer": 0
    },
    {
        "question": "ข้อใดคืออาหารประจำชาติของประเทศไทย?",
        "options": [
            "ผัดไทย",
            "ซูชิ",
            "พิซซ่า",
            "แฮมเบอร์เกอร์"
        ],
        "answer": 0
    },
    {
        "question": "วัดพระธาตุดอยสุเทพตั้งอยู่ในจังหวัดใด?",
        "options": [
            "เชียงใหม่",
            "เชียงราย",
            "ลำปาง",
            "ลำพูน"
        ],
        "answer": 0
    }
]